"model_name","accuracy","macro_precision","macro_recall","macro_f1","train_rows","accuracy_sd","macro_precision_sd","macro_recall_sd","macro_f1_sd"
"lasso_interactions",0.547024952015355,0.298358394211744,0.225995209935105,0.225141861792704,4155,NA,NA,NA,NA
"elastic_interactions_alpha_0.5",0.54510556621881,0.33337368480371,0.227512614207259,0.226680925139745,4155,0.00271442142490037,0.0452469609027537,7.15575575506772e-05,0.000684250401571693
"weighted_elastic_interactions",0.309021113243762,0.234732995362364,0.460228530663734,0.212178741435925,4155,NA,NA,NA,NA
"weighted_elastic_engineered_interactions",0.261996161228407,0.209733780268547,0.405846379556072,0.177601480396342,4155,NA,NA,NA,NA
