"test","statistic","approx_F","num_df","den_df","p_value"
"Pillai",1,2,0.547787946951911,3145.88098358986,0
"Wilks",1,2,0.452212053048089,3145.88098358986,0
