"metric","value"
"accuracy",0.522115384615385
"macro_precision",0.223134145354533
"macro_recall",0.205108348466393
"macro_f1",0.195375858921712
