"metric","value"
"accuracy",0.534615384615385
"macro_precision",0.342881167190803
"macro_recall",0.23211841499885
"macro_f1",0.239913288840907
