"metric","value"
"accuracy",0.527884615384615
"macro_precision",0.335692990532662
"macro_recall",0.226570545235392
"macro_f1",0.232655934789452
